<?xml version="1.0" encoding="UTF-8"?>
<project-private xmlns="http://www.netbeans.org/ns/project-private/1">
    <editor-bookmarks xmlns="http://www.netbeans.org/ns/editor-bookmarks/2" lastBookmarkId="0"/>
    <open-files xmlns="http://www.netbeans.org/ns/projectui-open-files/2">
        <group>
            <file>file:/C:/Users/jmcbg/Documents/Proyecto_Final_J.R._JM.C/CLIENTES/ESCRITORIO/FastToHome/src/controlador/UsuarioDao.java</file>
            <file>file:/C:/Users/jmcbg/Documents/Proyecto_Final_J.R._JM.C/CLIENTES/ESCRITORIO/FastToHome/src/vista/administrador/DialogoActualizarDatos.java</file>
            <file>file:/C:/Users/jmcbg/Documents/Proyecto_Final_J.R._JM.C/CLIENTES/ESCRITORIO/FastToHome/src/FastToHome/principal.java</file>
            <file>file:/C:/Users/jmcbg/Documents/Proyecto_Final_J.R._JM.C/CLIENTES/ESCRITORIO/FastToHome/src/modelo/Peticion.java</file>
            <file>file:/C:/Users/jmcbg/Documents/Proyecto_Final_J.R._JM.C/CLIENTES/ESCRITORIO/FastToHome/src/controlador/DireccionDao.java</file>
            <file>file:/C:/Users/jmcbg/Documents/Proyecto_Final_J.R._JM.C/CLIENTES/ESCRITORIO/FastToHome/src/vista/mercader/VentanaMercader.java</file>
            <file>file:/C:/Users/jmcbg/Documents/Proyecto_Final_J.R._JM.C/CLIENTES/ESCRITORIO/FastToHome/src/vista/FrameLogin.java</file>
            <file>file:/C:/Users/jmcbg/Documents/Proyecto_Final_J.R._JM.C/CLIENTES/ESCRITORIO/FastToHome/src/vista/DialogoDireccion.java</file>
            <file>file:/C:/Users/jmcbg/Documents/Proyecto_Final_J.R._JM.C/CLIENTES/ESCRITORIO/FastToHome/src/vista/registrarUsuario.java</file>
            <file>file:/C:/Users/jmcbg/Documents/Proyecto_Final_J.R._JM.C/CLIENTES/ESCRITORIO/FastToHome/src/controlador/gestion.java</file>
            <file>file:/C:/Users/jmcbg/Documents/Proyecto_Final_J.R._JM.C/CLIENTES/ESCRITORIO/FastToHome/src/vista/registroNegocio.java</file>
        </group>
    </open-files>
</project-private>
